"GMID","Name","名稱","Address","地址","Relevant District Council","所屬區議會","Ownership","業權","Area (about) (m²) / 面積(約)（平方米）","Accessibility / Location","前往方法 / 所處位置","Opening Hours","開放時間","Provision of Sheltered Seating","提供有蓋座位","Provision of Barrier-free-access Facilities","提供無障礙通道設施","Remarks","備註","Photos and Location Plan / 相片及位置圖","Northing / 坐標北","Easting / 坐標東","Latitude / 緯度","Longitude / 經度"
"8EXokKLksN","Royal Ascot","駿景園","1 Tsun King Road","駿景路1號","SHA TIN","沙田","Multiple Ownership","共有業權","8890","It is at Level 1 and is accessible from Lok King Street.","位於第1樓層,可由樂景街前往。","It is open to the public from 06:00 a.m. to 11:00 p.m. daily.","每天上午6時至晚上11時向公眾開放。","Sheltered seating not available","沒有提供有蓋座位","Barrier-free-access facilities not available","沒有提供無障礙通道設施","N.A.","N.A.","https://geodata.gov.hk/LGRT/public_open_space/file-8EXokKLksN--20200123-112920-7273045082853776719.pdf","828858.0","838782.0","22.44680427","113.99942387"
"e09XiW6RV9","International Trade Tower","International Trade Tower","348 KWUN TONG ROAD","觀塘道 348號","KWUN TONG","觀塘","Single Ownership","單一業權","1006","It is on ground level and is accessible from Yan Yip Street, Hang Yip Street and Kwun Tong Road.","位於地面，可由欣業街，恆業街及觀塘道前往。","Opening to the public at all times","全日向公眾開放","Sheltered seating not available","沒有提供有蓋座位","Barrier-free-access facilities not applicable","無障礙通道設施不適用","N.A.","N.A.","https://geodata.gov.hk/LGRT/public_open_space/file-e09XiW6RV9--20191017-095944-2345372106115357612.pdf","819592.0","840448.0","22.72461203","114.00002165"
"dcwypwEZPS","Kingston International Centre","金利豐國際中心","19 WANG CHIU ROAD","宏照道 19號","KWUN TONG","觀塘","Single Ownership","單一業權","4,400","It is on ground level and is accessible from Lam Lee Street, Wang Chiu Road and Wang Tai Road.","位於地面，可由臨利街，宏照道及宏泰道前往。","Opening to the public at all times","全日向公眾開放","Sheltered seating not available","沒有提供有蓋座位","Barrier-free-access facilities not applicable","無障礙通道設施不適用","On private land and Government land.","位於私人及政府土地上。","https://geodata.gov.hk/LGRT/public_open_space/file-dcwypwEZPS--20190213-131342-3423734907734945428.pdf","820515.0","839678.0","22.70222638","114.0000504"
"dcwypwEZPS","Kingston International Centre","金利豐國際中心","19 WANG CHIU ROAD","宏照道 19號","KWUN TONG","觀塘","Single Ownership","單一業權","4,400","It is on ground level and is accessible from Lam Lee Street, Wang Chiu Road and Wang Tai Road.","位於地面，可由臨利街，宏照道及宏泰道前往。","Opening to the public at all times","全日向公眾開放","Sheltered seating not available","沒有提供有蓋座位","Barrier-free-access facilities not applicable","無障礙通道設施不適用","On private land and Government land.","位於私人及政府土地上。","https://geodata.gov.hk/LGRT/public_open_space/file-dcwypwEZPS--20190213-131342-3423734907734945428.pdf","820487.2","839611.6","22.3234","114.20933"
"GSLKWFWL35","Dominion Centre","東美中心","43-59 Queen’s Road East, Wan Chai","灣仔皇后大道東43-59 號","WAN CHAI","灣仔","Multiple Ownership","共有業權","511","It is at ground level and is accessible from Queen's Road East.","位於地面,可由皇后大道東前往。","Opening to the public at all times","全日向公眾開放","Sheltered seating not available","沒有提供有蓋座位","Barrier-free-access facilities not applicable","無障礙通道設施不適用","N.A.","N.A.","https://geodata.gov.hk/LGRT/public_open_space/staging-file-uQiCDOltnu--20180703-115208-3329881057238618954.pdf","815310.0","835443.0","22.27664866","114.16886935"
"LJiYEPnya2","Prosperous Garden","駿發花園","3 Public Square Street","眾坊街3號","YAU TSIM MONG","油尖旺","Multiple Ownership","共有業權","7510","It is at ground level and deck level and is accessible from Public Square Street and Tung Kun Street.","位於地面及低層平台,可由眾坊街及東莞街前往。","It is open to the public from 06:00 a.m. to 10:00 p.m. daily.","每天上午6時至晚上10時向公眾開放。","Sheltered seating not available","沒有提供有蓋座位","Barrier-free-access facilities available","提供無障礙通道設施","N.A.","N.A.","https://geodata.gov.hk/LGRT/public_open_space/staging-file-LBpiPK8AiK--20180627-135952-2309991593010822899.pdf","819052.0","835405.0","23.00891852","113.99869732"
"77jsNxLEIt","Le Sommet","豪廷峯","28 Fortress Hill Road, North Point","北角炮台山道28號","EASTERN","東區","Multiple Ownership","共有業權","830","It is at ground level and is accessible from Fortress Hill Road.","位於地面,可由炮台山道前往。","Opening to the public at all times","全日向公眾開放","Sheltered seating not available","沒有提供有蓋座位","Barrier-free-access facilities not available","沒有提供無障礙通道設施","On government land","位於政府土地","https://geodata.gov.hk/LGRT/public_open_space/staging-file-BTP4ApLUB3--20180808-172449-480828907446897344.pdf","816572.0","838169.0","22.19611627","113.99975016"
"pBFoMtN5y2","Metro Harbour View","港灣豪庭","8 Fuk Lee Street","福利街8號","YAU TSIM MONG","油尖旺","Multiple Ownership","共有業權","9800","It is at 1/F, 2/F and Podium and is accessible from Fuk Lee Street by staircase.","位於1樓、2樓及平台,可由福利街經梯級前往。","It is open to the public from 07:00 a.m. to 10:00 p.m. daily.","每天上午7時至晚上10時向公眾開放。","Sheltered seating not available","沒有提供有蓋座位","Barrier-free-access facilities available","提供無障礙通道設施","N.A.","N.A.","https://geodata.gov.hk/LGRT/public_open_space/staging-file-9tryn7f5u3--20180808-173035-5833674426699476456.pdf","820612.0","834577.0","22.92831834","113.99880293"
"8IBl52iirt","Tuen Mun Town Plaza (Phase I)","屯門市廣場(第一期)","1 Tuen Shing Street, 1 Tuen Shun Street, 3 Tuen Lung Street & 2 Tuen Yan Street","屯盛街1號, 屯順街1號, 屯隆街3號及屯仁街2號","TUEN MUN","屯門","Multiple Ownership","共有業權","6000","It is at 4/F and is accessible from Tuen Lung Street and Tuen Wui Street.","位於4樓,可由屯隆街及屯滙街前往。","It is open to the public from 07:00 a.m. to 07:00 p.m. daily.","每天上午7時至晚上7時向公眾開放。","Sheltered seating not available","沒有提供有蓋座位","Barrier-free-access facilities available","提供無障礙通道設施","N.A.","N.A.","https://geodata.gov.hk/LGRT/public_open_space/staging-file-c46Jfwq5Bf--20180627-141301-5278489690637770935.pdf","828191.0","815710.0","22.509159","113.99934441"
"X0Lz2OZ5sI","Castello","帝堡城","69 Siu Lek Yuen Road","小瀝源路69號","SHA TIN","沙田","Multiple Ownership","共有業權","2700","It is at Level 7 and is accessible from Siu Lek Yuen Road.","位於第7樓層,可由小瀝源路前往。","It is open to the public from 07:00 a.m. to 10:00 p.m. daily.","每天上午7時至晚上10時向公眾開放。","Sheltered seating not available","沒有提供有蓋座位","Barrier-free-access facilities available","提供無障礙通道設施","N.A.","N.A.","https://geodata.gov.hk/LGRT/public_open_space/staging-file-0wbtsUSw4g--20180808-172955-4722692441911728214.pdf","827047.0","840266.0","22.59968763","113.99922855"
"VJGmaJXGrQ","Caribbean Coast","映灣園","2 Kin Tung Road, Tung Chung","東涌健東路 2號","ISLANDS","離島","Multiple Ownership","共有業權","19290","It is at ground level and accessible from Man Tung Road, Ying Hei Road and Kin Tung Road.","位於地面,可由文東路、迎禧路及健東路前往。","Opening to the public at all times","全日向公眾開放","Sheltered seating available","提供有蓋座位","Barrier-free-access facilities available","提供無障礙通道設施","On government land","位於政府土地","https://geodata.gov.hk/LGRT/public_open_space/staging-file-fyyy2If86R--20180627-143614-8827002939947494441.pdf","817190.0","812659.0","22.16726318","113.99978631"
"VJGmaJXGrQ","Caribbean Coast","映灣園","2 Kin Tung Road, Tung Chung","東涌健東路 2號","ISLANDS","離島","Multiple Ownership","共有業權","19290","It is at ground level and accessible from Man Tung Road, Ying Hei Road and Kin Tung Road.","位於地面,可由文東路、迎禧路及健東路前往。","Opening to the public at all times","全日向公眾開放","Sheltered seating available","提供有蓋座位","Barrier-free-access facilities available","提供無障礙通道設施","On government land","位於政府土地","https://geodata.gov.hk/LGRT/public_open_space/staging-file-fyyy2If86R--20180627-143614-8827002939947494441.pdf","816966.1","812624.8","22.29144","113.94744"
"vObUnHWjBU","Coastal Skyline","藍天海岸","12 Tung Chung Waterfront Road, Tung Chung","東涌海濱路12號","ISLANDS","離島","Multiple Ownership","共有業權","27400","It is at ground level and podium level. It is accessible from Wai Tung Road, Tung Chung Waterfront Road and Yi Tung Road.","位於地面及平台,可由惠東路、東涌海濱路及怡東路前往。","Opening to the public at all times","全日向公眾開放","Sheltered seating available","提供有蓋座位","Barrier-free-access facilities available","提供無障礙通道設施","On government land","位於政府土地","https://geodata.gov.hk/LGRT/public_open_space/staging-file-pcs8QuQeRn--20180627-143552-2449364711402111347.pdf","817009.0","812280.0","22.16850038","113.99978476"
"vObUnHWjBU","Coastal Skyline","藍天海岸","12 Tung Chung Waterfront Road, Tung Chung","東涌海濱路12號","ISLANDS","離島","Multiple Ownership","共有業權","27400","It is at ground level and podium level. It is accessible from Wai Tung Road, Tung Chung Waterfront Road and Yi Tung Road.","位於地面及平台,可由惠東路、東涌海濱路及怡東路前往。","Opening to the public at all times","全日向公眾開放","Sheltered seating available","提供有蓋座位","Barrier-free-access facilities available","提供無障礙通道設施","On government land","位於政府土地","https://geodata.gov.hk/LGRT/public_open_space/staging-file-pcs8QuQeRn--20180627-143552-2449364711402111347.pdf","817181.4","812490.8","22.29338","113.94614"
"VURgYu0zzD","Citygate","東薈城","20 Tat Tung Road, Tung Chung","東涌達東路20號","ISLANDS","離島","Multiple Ownership","共有業權","13900","It is at ground level, first level and third level. It is accessible from Tat Tung Road and Man Tung Road.","位於地面、一樓及三樓,可由達東路及文東路前往。","The Town Square on ground level is open to the public at all times. The open space at first level and third level is open to the public from 07:00 a.m. to 10:00 p.m. daily.","位於地面的露天廣場,全日向公眾開放。位於一樓及三樓的休憩空間則每天上午7時至晚上10時向公眾開放。","Sheltered seating available","提供有蓋座位","Barrier-free-access facilities available","提供無障礙通道設施","N.A.","N.A.","https://geodata.gov.hk/LGRT/public_open_space/staging-file-I45fnaXYUN--20180627-143535-435911243462061587.pdf","816710.0","811927.0","22.1728261","113.99977934"
"VURgYu0zzD","Citygate","東薈城","20 Tat Tung Road, Tung Chung","東涌達東路20號","ISLANDS","離島","Multiple Ownership","共有業權","13900","It is at ground level, first level and third level. It is accessible from Tat Tung Road and Man Tung Road.","位於地面、一樓及三樓,可由達東路及文東路前往。","The Town Square on ground level is open to the public at all times. The open space at first level and third level is open to the public from 07:00 a.m. to 10:00 p.m. daily.","位於地面的露天廣場,全日向公眾開放。位於一樓及三樓的休憩空間則每天上午7時至晚上10時向公眾開放。","Sheltered seating available","提供有蓋座位","Barrier-free-access facilities available","提供無障礙通道設施","N.A.","N.A.","https://geodata.gov.hk/LGRT/public_open_space/staging-file-I45fnaXYUN--20180627-143535-435911243462061587.pdf","816911.7","812140.4","22.29094","113.94274"
"KwNW7XcGs8","The Portofino","柏濤灣","Clear Water Bay Road, Pak To Avenue","清水灣道柏濤徑","SAI KUNG","西貢","Multiple Ownership","共有業權","16200","It is at ground level and is accessible from Pak To Avenue via a pedestrian walkway.","位於地面,可由柏濤徑經行人通道的入口前往。","Opening to the public at all times","全日向公眾開放","Sheltered seating not available","沒有提供有蓋座位","Barrier-free-access facilities not available","沒有提供無障礙通道設施","N.A.","N.A.","https://geodata.gov.hk/LGRT/public_open_space/staging-file-q8bzspbZ1Q--20180627-141424-8009595660698249742.pdf","819007.0","848019.0","23.01220536","113.99869301"
"KwNW7XcGs8","The Portofino","柏濤灣","Clear Water Bay Road, Pak To Avenue","清水灣道柏濤徑","SAI KUNG","西貢","Multiple Ownership","共有業權","16200","It is at ground level and is accessible from Pak To Avenue via a pedestrian walkway.","位於地面,可由柏濤徑經行人通道的入口前往。","Opening to the public at all times","全日向公眾開放","Sheltered seating not available","沒有提供有蓋座位","Barrier-free-access facilities not available","沒有提供無障礙通道設施","N.A.","N.A.","https://geodata.gov.hk/LGRT/public_open_space/staging-file-q8bzspbZ1Q--20180627-141424-8009595660698249742.pdf","818844.4","847865.6","22.30853","114.28943"
"XRLi3ELmGM","Bellagio","碧堤半島","33 Castle Peak Road","青山公路33號","TSUEN WAN","荃灣","Multiple Ownership","共有業權","6700","It is at ground level and accessible from Castle Peak Road.","位於地面,可由青山公路前往。","It is open to the public from 06:00 a.m. to 12:00 midnight daily.","每天上午6時至午夜12時向公眾開放。","Sheltered seating available","提供有蓋座位","Barrier-free-access facilities available","提供無障礙通道設施","N.A.","N.A.","https://geodata.gov.hk/LGRT/public_open_space/staging-file-JXsUIuqMoS--20180627-141739-7463937688874814211.pdf","825249.0","824458.0","22.73717182","113.99905145"
"XRLi3ELmGM","Bellagio","碧堤半島","33 Castle Peak Road","青山公路33號","TSUEN WAN","荃灣","Multiple Ownership","共有業權","6700","It is at ground level and accessible from Castle Peak Road.","位於地面,可由青山公路前往。","It is open to the public from 06:00 a.m. to 12:00 midnight daily.","每天上午6時至午夜12時向公眾開放。","Sheltered seating available","提供有蓋座位","Barrier-free-access facilities available","提供無障礙通道設施","N.A.","N.A.","https://geodata.gov.hk/LGRT/public_open_space/staging-file-JXsUIuqMoS--20180627-141739-7463937688874814211.pdf","825302.5","824228.7","22.36684","114.05998"
"SsYzKbFj63","Indi Home","樂悠居","138 Yeung Uk Road","楊屋道138號","TSUEN WAN","荃灣","Multiple Ownership","共有業權","790","It is at ground level and is accessible from Yeung Uk Road.","位於地面,可由楊屋道前往。","Opening to the public at all times","全日向公眾開放","Sheltered seating not available","沒有提供有蓋座位","Barrier-free-access facilities available","提供無障礙通道設施","N.A.","N.A.","https://geodata.gov.hk/LGRT/public_open_space/staging-file-3oYFBYar8E--20180627-141651-6676352947226631742.pdf","825263.0","830221.0","22.74156044","113.99904578"
"3rmObPYZhh","The Leighton Hill","禮頓山","2B Broadwood Road, Happy Valley","跑馬地樂活道2B號","WAN CHAI","灣仔","Multiple Ownership","共有業權","2000","It is at ground level and is accessible from Wong Nai Chung Road.","位於地面,可由黃泥涌道前往。","Opening to the public at all times","全日向公眾開放","Sheltered seating not available","沒有提供有蓋座位","Barrier-free-access facilities not available","沒有提供無障礙通道設施","On government land","位於政府土地","https://geodata.gov.hk/LGRT/public_open_space/staging-file-gccMfIgc7a--20180808-172709-8290270749827651890.pdf","815114.0","836945.0","22.33988354","113.99956916"
"TkbDcqRtkX","Starcrest","星域軒","9 Star Street, Wan Chai","灣仔星街9號","WAN CHAI","灣仔","Multiple Ownership","共有業權","1100","It is at ground level and is accessible from Star Street or Monmouth Path.","位於地面,可由星街或萬茂里前往。","Opening to the public at all times","全日向公眾開放","Sheltered seating not available","沒有提供有蓋座位","Barrier-free-access facilities not applicable","無障礙通道設施不適用","On government land","位於政府土地","https://geodata.gov.hk/LGRT/public_open_space/staging-file-x58ir715uO--20180627-090853-7203108717159201868.pdf","815323.0","835280.0","22.34429043","113.99956359"
"qonbHwDHBq","Li Chit Garden","李節花園","1 Li Chit Street, Wan Chai","灣仔李節街1號","WAN CHAI","灣仔","Multiple Ownership","共有業權","250","It is at ground level and is accessible from Li Chit Street.","位於地面,可由李節街前往。","Opening to the public at all times","全日向公眾開放","Sheltered seating available","提供有蓋座位","Barrier-free-access facilities not applicable","無障礙通道設施不適用","N.A.","N.A.","https://geodata.gov.hk/LGRT/public_open_space/staging-file-HFXVrR9Y1Z--20180627-090930-2988609308293689175.pdf","815337.0","835529.0","22.34009124","113.9995689"
"fjlGOkV3UG","Comix Home Base","動漫基地","1-11 Mallory Street & 6-12 Burrows Street, Wan Chai","灣仔茂蘿街1-11號及巴路士街6-12號","WAN CHAI","灣仔","Single Ownership","單一業權","390","It is at ground level and 3/F inclusive of 2 Elevated Walkways. It is accessible from Burrows Street and via lift / staircase from G/F of the development.","位於地面及三樓連兩條行人天橋,可由巴路士街及發展項目地下的電梯/樓梯前往。","It is open to the public from 08:00 a.m. to 10:00 p.m. daily.","每天上午8時至晚上10時向公眾開放。","Sheltered seating available","提供有蓋座位","Barrier-free-access facilities available","提供無障礙通道設施","N.A.","N.A.","https://geodata.gov.hk/LGRT/public_open_space/staging-file-jz7L3BWd5F--20180627-091048-6097648351010094798.pdf","815370.0","836236.0","22.47963981","114.00033434"
"NovYPC7Qo7","The Avenue","囍匯","200 Queen’s Road East, Wan Chai","灣仔皇后大道東200號","WAN CHAI","灣仔","Multiple Ownership","共有業權","3321","It is at ground level and 5/F. It is accessible from Amoy Street, Spring Garden Lane, Johnston Road or Queen's Road East and via lift / staircase from ground level of the development.","位於地下及五樓,可由廈門街、春園街、莊士敦道或皇后大道東及發展項目地下的電梯/樓梯前往。","Ground level is open to the public at all times. 5/F is open to the public from 08:00 a.m. to 09:00 p.m. daily.","地下全日向公眾開放,五樓於每天上午 8 時至晚上 9 時向公眾開放。","Sheltered seating not available","沒有提供有蓋座位","Barrier-free-access facilities available","提供無障礙通道設施","N.A.","N.A.","https://geodata.gov.hk/LGRT/public_open_space/staging-file-8y5AzJ1ZVW--20180703-113550-7529173042992340344.pdf","815206.0","835802.0","22.74765575","113.99904763"
"NovYPC7Qo7","The Avenue","囍匯","200 Queen’s Road East, Wan Chai","灣仔皇后大道東200號","WAN CHAI","灣仔","Multiple Ownership","共有業權","3321","It is at ground level and 5/F. It is accessible from Amoy Street, Spring Garden Lane, Johnston Road or Queen's Road East and via lift / staircase from ground level of the development.","位於地下及五樓,可由廈門街、春園街、莊士敦道或皇后大道東及發展項目地下的電梯/樓梯前往。","Ground level is open to the public at all times. 5/F is open to the public from 08:00 a.m. to 09:00 p.m. daily.","地下全日向公眾開放,五樓於每天上午 8 時至晚上 9 時向公眾開放。","Sheltered seating not available","沒有提供有蓋座位","Barrier-free-access facilities available","提供無障礙通道設施","N.A.","N.A.","https://geodata.gov.hk/LGRT/public_open_space/staging-file-8y5AzJ1ZVW--20180703-113550-7529173042992340344.pdf","815148.2","835788.1","22.27519","114.17222"
"NovYPC7Qo7","The Avenue","囍匯","200 Queen’s Road East, Wan Chai","灣仔皇后大道東200號","WAN CHAI","灣仔","Multiple Ownership","共有業權","3321","It is at ground level and 5/F. It is accessible from Amoy Street, Spring Garden Lane, Johnston Road or Queen's Road East and via lift / staircase from ground level of the development.","位於地下及五樓,可由廈門街、春園街、莊士敦道或皇后大道東及發展項目地下的電梯/樓梯前往。","Ground level is open to the public at all times. 5/F is open to the public from 08:00 a.m. to 09:00 p.m. daily.","地下全日向公眾開放,五樓於每天上午 8 時至晚上 9 時向公眾開放。","Sheltered seating not available","沒有提供有蓋座位","Barrier-free-access facilities available","提供無障礙通道設施","N.A.","N.A.","https://geodata.gov.hk/LGRT/public_open_space/staging-file-8y5AzJ1ZVW--20180703-113550-7529173042992340344.pdf","815276.2","835815.8","22.27634","114.17249"
"K9QQ5Q2AfE","The Morrison","駿逸峰","28 Yat Sin Street, Wan Chai","灣仔日善街28號","WAN CHAI","灣仔","Multiple Ownership","共有業權","92","It is at ground level and is accessible from Yat Sin Street and Wing Ning Street.","位於地面,可由日善街及永寧街前往。","Opening to the public at all times","全日向公眾開放","Sheltered seating not available","沒有提供有蓋座位","Barrier-free-access facilities not available","沒有提供無障礙通道設施","N.A.","N.A.","https://geodata.gov.hk/LGRT/public_open_space/staging-file-fpEnXTP1Zt--20180703-115613-5110128559938440354.pdf","815419.0","836542.0","22.50970186","114.0002962"
"DYRXO5tYeT","Jubilant Place","欣榮花園","99 Pau Chung Street / 33 Ma Tau Kok Road","炮仗街99號/ 馬頭角道33號","KOWLOON CITY","九龍城","Multiple Ownership","共有業權","1800","It is at ground level and is accessible from Pau Chung Street.","位於地面,可由炮仗街前往。","It is open to the public from 06:00 a.m. to 10:00 p.m. daily.","每天上午6時至晚上10時向公眾開放。","Sheltered seating not available","沒有提供有蓋座位","Barrier-free-access facilities not available","沒有提供無障礙通道設施","N.A.","N.A.","https://geodata.gov.hk/LGRT/public_open_space/staging-file-p4rQFT7aKA--20180808-173143-590368790659681299.pdf","820261.0","837570.0","22.93905484","113.99878889"
"NTuztF7TjF","Royal Peninsula","半島豪庭","8 Hung Lai Road","紅荔道8號","KOWLOON CITY","九龍城","Multiple Ownership","共有業權","2700","It is at ground level and upper mezzanine floor and is accessible from Hung Ling Street.","位於地面和閣樓高層,可由紅菱街前往。","Opening to the public at all times","全日向公眾開放","Sheltered seating not available","沒有提供有蓋座位","Barrier-free-access facilities available","提供無障礙通道設施","N.A.","N.A.","https://geodata.gov.hk/LGRT/public_open_space/staging-file-cB70sNQxZJ--20180808-172917-7806246807276801614.pdf","818474.0","837051.0","23.03064413","113.99866878"
"NTuztF7TjF","Royal Peninsula","半島豪庭","8 Hung Lai Road","紅荔道8號","KOWLOON CITY","九龍城","Multiple Ownership","共有業權","2700","It is at ground level and upper mezzanine floor and is accessible from Hung Ling Street.","位於地面和閣樓高層,可由紅菱街前往。","Opening to the public at all times","全日向公眾開放","Sheltered seating not available","沒有提供有蓋座位","Barrier-free-access facilities available","提供無障礙通道設施","N.A.","N.A.","https://geodata.gov.hk/LGRT/public_open_space/staging-file-cB70sNQxZJ--20180808-172917-7806246807276801614.pdf","818477.6","837008.7","22.30525","114.18406"
"NTuztF7TjF","Royal Peninsula","半島豪庭","8 Hung Lai Road","紅荔道8號","KOWLOON CITY","九龍城","Multiple Ownership","共有業權","2700","It is at ground level and upper mezzanine floor and is accessible from Hung Ling Street.","位於地面和閣樓高層,可由紅菱街前往。","Opening to the public at all times","全日向公眾開放","Sheltered seating not available","沒有提供有蓋座位","Barrier-free-access facilities available","提供無障礙通道設施","N.A.","N.A.","https://geodata.gov.hk/LGRT/public_open_space/staging-file-cB70sNQxZJ--20180808-172917-7806246807276801614.pdf","818447.1","837092.1","22.30498","114.18487"
"xNUH3RSXrG","Laguna Verde","海逸豪園","8 Laguna Verde Avenue","海逸道8號","KOWLOON CITY","九龍城","Multiple Ownership","共有業權","13000","It is at ground level and is accessible from Dyer Avenue, Laguna Verde Avenue and Tai Wan Road East.","位於地面,可由戴亞街、海逸道及大環道東前往。","Opening to the public at all times","全日向公眾開放","Sheltered seating not available","沒有提供有蓋座位","Barrier-free-access facilities available","提供無障礙通道設施","N.A.","N.A.","https://geodata.gov.hk/LGRT/public_open_space/staging-file-XVf8u7ss3L--20180808-171704-7458479415115201769.pdf","818888.0","837847.0","23.01305416","113.99869189"
"xNUH3RSXrG","Laguna Verde","海逸豪園","8 Laguna Verde Avenue","海逸道8號","KOWLOON CITY","九龍城","Multiple Ownership","共有業權","13000","It is at ground level and is accessible from Dyer Avenue, Laguna Verde Avenue and Tai Wan Road East.","位於地面,可由戴亞街、海逸道及大環道東前往。","Opening to the public at all times","全日向公眾開放","Sheltered seating not available","沒有提供有蓋座位","Barrier-free-access facilities available","提供無障礙通道設施","N.A.","N.A.","https://geodata.gov.hk/LGRT/public_open_space/staging-file-XVf8u7ss3L--20180808-171704-7458479415115201769.pdf","818684.3","837829.8","22.30712","114.19203"
"xNUH3RSXrG","Laguna Verde","海逸豪園","8 Laguna Verde Avenue","海逸道8號","KOWLOON CITY","九龍城","Multiple Ownership","共有業權","13000","It is at ground level and is accessible from Dyer Avenue, Laguna Verde Avenue and Tai Wan Road East.","位於地面,可由戴亞街、海逸道及大環道東前往。","Opening to the public at all times","全日向公眾開放","Sheltered seating not available","沒有提供有蓋座位","Barrier-free-access facilities available","提供無障礙通道設施","N.A.","N.A.","https://geodata.gov.hk/LGRT/public_open_space/staging-file-XVf8u7ss3L--20180808-171704-7458479415115201769.pdf","818621.8","837905.6","22.30656","114.19277"
"xNUH3RSXrG","Laguna Verde","海逸豪園","8 Laguna Verde Avenue","海逸道8號","KOWLOON CITY","九龍城","Multiple Ownership","共有業權","13000","It is at ground level and is accessible from Dyer Avenue, Laguna Verde Avenue and Tai Wan Road East.","位於地面,可由戴亞街、海逸道及大環道東前往。","Opening to the public at all times","全日向公眾開放","Sheltered seating not available","沒有提供有蓋座位","Barrier-free-access facilities available","提供無障礙通道設施","N.A.","N.A.","https://geodata.gov.hk/LGRT/public_open_space/staging-file-XVf8u7ss3L--20180808-171704-7458479415115201769.pdf","818845.4","837800.3","22.30858","114.19175"
"xNUH3RSXrG","Laguna Verde","海逸豪園","8 Laguna Verde Avenue","海逸道8號","KOWLOON CITY","九龍城","Multiple Ownership","共有業權","13000","It is at ground level and is accessible from Dyer Avenue, Laguna Verde Avenue and Tai Wan Road East.","位於地面,可由戴亞街、海逸道及大環道東前往。","Opening to the public at all times","全日向公眾開放","Sheltered seating not available","沒有提供有蓋座位","Barrier-free-access facilities available","提供無障礙通道設施","N.A.","N.A.","https://geodata.gov.hk/LGRT/public_open_space/staging-file-XVf8u7ss3L--20180808-171704-7458479415115201769.pdf","818895.9","837917.9","22.30903","114.19289"
"IJLbI2Q1nU","The Church of Jesus Christ of Latter-Day Saints Hong Kong China Temple","耶穌基督後期聖徒教會中國香港聖殿","2 Cornwall Street, Kowloon Tong","九龍塘歌和老街2號","KOWLOON CITY","九龍城","Single Ownership","單一業權","593","It is at ground level and is accessible from Cornwall Street.","位於地面,可由歌和老街前往。","Opening to the public at all times","全日向公眾開放","Sheltered seating not available","沒有提供有蓋座位","Barrier-free-access facilities not available","沒有提供無障礙通道設施","N.A.","N.A.","https://geodata.gov.hk/LGRT/public_open_space/staging-file-Ts57fNycN6--20180627-135221-5031049373262709627.pdf","822357.0","836315.0","22.83981612","113.99891833"
"6jHJKVLpKT","Fu On Street CLP Substation","富安街中華電力變電站","18 Fu On Street","富安街18號","KOWLOON CITY","九龍城","Single Ownership","單一業權","606","It is at ground level and is accessible from Fu On Street.","位於地面,可由富安街前往。","Opening to the public at all times","全日向公眾開放","Sheltered seating available","提供有蓋座位","Barrier-free-access facilities not available","沒有提供無障礙通道設施","N.A.","N.A.","https://geodata.gov.hk/LGRT/public_open_space/staging-file-rprOdGGOBf--20180627-135614-2613425112817323320.pdf","822017.0","837078.0","22.70639725","113.99910095"
"6jHJKVLpKT","Fu On Street CLP Substation","富安街中華電力變電站","18 Fu On Street","富安街18號","KOWLOON CITY","九龍城","Single Ownership","單一業權","606","It is at ground level and is accessible from Fu On Street.","位於地面,可由富安街前往。","Opening to the public at all times","全日向公眾開放","Sheltered seating available","提供有蓋座位","Barrier-free-access facilities not available","沒有提供無障礙通道設施","N.A.","N.A.","https://geodata.gov.hk/LGRT/public_open_space/staging-file-rprOdGGOBf--20180627-135614-2613425112817323320.pdf","822052.7","837083.4","22.33754","114.18479"
"bzVsAE2ESW","Communication and Visual Arts Building of Hong Kong Baptist University","香港浸會大學傳理視藝大樓","5 Hereford Road","禧福道5號","KOWLOON CITY","九龍城","Single Ownership","單一業權","1800","It is at ground level and at the junction of Renfrew Road and Hereford Road.","位於地面,於聯福道及禧福道交界處。","It is open to the public from 06:00 a.m. to 11:00 p.m. daily.","每天上午6時至晚上11時向公眾開放。","Sheltered seating available","提供有蓋座位","Barrier-free-access facilities available","提供無障礙通道設施","N.A.","N.A.","https://geodata.gov.hk/LGRT/public_open_space/staging-file-8jOfW664tF--20180627-135643-7943185260499557136.pdf","821680.0","836819.0","22.86865778","113.99888078"
"bzVsAE2ESW","Communication and Visual Arts Building of Hong Kong Baptist University","香港浸會大學傳理視藝大樓","5 Hereford Road","禧福道5號","KOWLOON CITY","九龍城","Single Ownership","單一業權","1800","It is at ground level and at the junction of Renfrew Road and Hereford Road.","位於地面,於聯福道及禧福道交界處。","It is open to the public from 06:00 a.m. to 11:00 p.m. daily.","每天上午6時至晚上11時向公眾開放。","Sheltered seating available","提供有蓋座位","Barrier-free-access facilities available","提供無障礙通道設施","N.A.","N.A.","https://geodata.gov.hk/LGRT/public_open_space/staging-file-8jOfW664tF--20180627-135643-7943185260499557136.pdf","821688.0","836767.0","22.33425","114.18172"
"4fSHvYlfIr","One Harbour Front, Two Harbour Front and Harbour Grand Kowloon","海濱廣場一座、海濱廣場二座及九龍海逸君綽酒店","18-22 Tak Fung Street","德豐街18 - 22號","KOWLOON CITY","九龍城","Single Ownership","單一業權","970","It is at ground level and is accessible from Tak Fung Street.","位於地面,可由德豐街前往。","Opening to the public at all times","全日向公眾開放","Sheltered seating not available","沒有提供有蓋座位","Barrier-free-access facilities not applicable","無障礙通道設施不適用","On government land","位於政府土地","https://geodata.gov.hk/LGRT/public_open_space/staging-file-yj4qFGrtbx--20180627-135714-5184749376215702053.pdf","818191.0","837903.0","22.14070379","113.99981953"
"iLcEyZaFaG","The Center","中環中心","99 Queen’s Road Central","皇后大道中99號","CENTRAL & WESTERN","中西區","Multiple Ownership","共有業權","1500","It is at ground level and is accessible from Queen's Road Central.","位於地面,可由皇后大道中前往。","Opening to the public at all times","全日向公眾開放","Sheltered seating not available","沒有提供有蓋座位","Barrier-free-access facilities available","提供無障礙通道設施","N.A.","N.A.","https://geodata.gov.hk/LGRT/public_open_space/staging-file-NOlJQzYRDn--20180626-103344-5331737067162901353.pdf","816159.0","833959.0","22.25417435","113.99967725"
"2uIlMQjKcP","The Centrium (Open Space-1)","中央廣場 (休憩空間-1)","60 Wyndham Street","雲咸街60號","CENTRAL & WESTERN","中西區","Single Ownership","單一業權","700","It is at G/F, UG/F and 1/F and is accessible from Wyndham Street and Arbuthnot Road.","位於地面、地下高層及1樓,可由雲咸街及亞畢諾道前往。","Opening to the public at all times","全日向公眾開放","Sheltered seating not available","沒有提供有蓋座位","Barrier-free-access facilities not available","沒有提供無障礙通道設施","N.A.","N.A.","https://geodata.gov.hk/LGRT/public_open_space/staging-file-VcD6hRyMNt--20180626-103718-2701754621819928183.pdf","815727.0","833982.0","22.29962534","113.99962"
"c9Awmpdmat","The Centrium (Open Space -2)","中央廣場(休憩空間-2)","60 Wyndham Street","雲咸街60號","CENTRAL & WESTERN","中西區","Single Ownership","單一業權","265","It is at ground level and is accessible from Arbuthnot Road.","位於地面,可由亞畢諾道前往。","Opening to the public at all times","全日向公眾開放","Sheltered seating not available","沒有提供有蓋座位","Barrier-free-access facilities not available","沒有提供無障礙通道設施","On government land","位於政府土地","https://geodata.gov.hk/LGRT/public_open_space/staging-file-fOFTDnsgvJ--20180626-103926-2554323758594449450.pdf","815785.0","833980.0","22.29962534","113.99962"
"T5xqo0kixw","The Peak Galleria","山頂廣場","118 Peak Road","山頂道118號","CENTRAL & WESTERN","中西區","Single Ownership","單一業權","1500","It is at G/F, Level 1 and Level 2 and is accessible from Peak Road and Findlay Road through the ground level of The Peak Galleria.","位於地面、第1樓層及第2樓層,可由山頂道及芬梨道經山頂廣場地面前往。","Opening to the public at all times","全日向公眾開放","Sheltered seating not available","沒有提供有蓋座位","Barrier-free-access facilities available","提供無障礙通道設施","N.A.","N.A.","https://geodata.gov.hk/LGRT/public_open_space/staging-file-FzQAYczzvv--20180626-104614-5013186917646710056.pdf","814554.0","833507.0","22.3813787","113.99951664"
"LJKSkjq7aK","Cosco Tower and Grand Millennium Plaza","中遠大廈及新紀元廣場","31-33 Wing Lok Street /181-183 Queen’s Road Central","永樂街31-33號/ 皇后大道中181-183號","CENTRAL & WESTERN","中西區","Multiple Ownership","共有業權","800","It is at ground level and is accessible from Queen's Road Central.","位於地面,可由皇后大道中前往。","Opening to the public at all times","全日向公眾開放","Sheltered seating not available","沒有提供有蓋座位","Barrier-free-access facilities not available","沒有提供無障礙通道設施","A temporary waiver has been granted for the outdoor restaurant seating accommodation.","露天食肆座位已獲發短期豁免書。","https://geodata.gov.hk/LGRT/public_open_space/staging-file-zf33hDJG9x--20180626-105338-5924132830376492913.pdf","816265.0","833832.0","22.23881325","113.99969656"
"tkMBHvwkW0","The Belcher’s","寶翠園","89 Pok Fu Lam Road /8 Belcher’s Street","薄扶林道89號/卑路乍街8號","CENTRAL & WESTERN","中西區","Multiple Ownership","共有業權","3518","It is at ground level and is accessible from Pok Fu Lam Road, South Lane and Belcher's Street.","位於地面,可由薄扶林道、南里及卑路乍街前往。","Opening to the public at all times","全日向公眾開放","Sheltered seating not available","沒有提供有蓋座位","Barrier-free-access facilities not available","沒有提供無障礙通道設施","N.A.","N.A.","https://geodata.gov.hk/LGRT/public_open_space/staging-file-oOxQFvaeM0--20180626-105601-5375467344631456640.pdf","816279.0","831861.0","22.2334942","113.99970325"
"yfr1ogsn4f","Hollywood Terrace","荷李活華庭","123 Hollywood Road","荷李活道123號","CENTRAL & WESTERN","中西區","Multiple Ownership","共有業權","1400","It is at Level 5 and Level 6 and is accessible from Hollywood Road and Shing Wong Street.","位於第5及第6樓層,可由荷李活道及城皇街前往。","Opening to the public at all times","全日向公眾開放","Sheltered seating available","提供有蓋座位","Barrier-free-access facilities not available","沒有提供無障礙通道設施","N.A.","N.A.","https://geodata.gov.hk/LGRT/public_open_space/staging-file-jRBlw6gwZd--20180626-110147-6519585307125083023.pdf","816160.0","833639.0","22.26371068","113.99966525"
"Po7oSrJp9j","Pacific Place Phases I & II (Open Space -1)","太古廣場一及二期(休憩空間-1)","88 Queensway","金鐘道88號","CENTRAL & WESTERN","中西區","Multiple Ownership","共有業權","3000","It is at level 6 and is accessible from Supreme Court Road.","位於第6層,可由法院道前往。","Opening to the public at all times","全日向公眾開放","Sheltered seating not available","沒有提供有蓋座位","Barrier-free-access facilities available","提供無障礙通道設施","N.A.","N.A.","https://geodata.gov.hk/LGRT/public_open_space/staging-file-mmv7qZI5zE--20180626-112309-9040235821186141234.pdf","815348.0","835033.0","22.33467292","113.99957575"
"VwVpEMzwpZ","Pacific Place Phases I & II (Open Space -2)","太古廣場一及二期(休憩空間-2)","88 Queensway","金鐘道88號","CENTRAL & WESTERN","中西區","Multiple Ownership","共有業權","696","It is at ground level and is accessible from Justice Drive.","位於地面,可由正義道前往。","Opening to the public at all times","全日向公眾開放","Sheltered seating not available","沒有提供有蓋座位","Barrier-free-access facilities available","提供無障礙通道設施","On government land","位於政府土地","https://geodata.gov.hk/LGRT/public_open_space/staging-file-ula5BbvZtq--20180626-112730-3821493954624020471.pdf","815330.0","835120.0","22.33467292","113.99957575"
"wNZAeYFyq1","Bank of China Tower","中銀大廈","1 Garden Road","花園道1號","CENTRAL & WESTERN","中西區","Single Ownership","單一業權","1720","It is at ground level and is accessible from Queensway.","位於地面,可由金鐘道前往。","Opening to the public at all times","全日向公眾開放","Sheltered seating not available","沒有提供有蓋座位","Barrier-free-access facilities not available","沒有提供無障礙通道設施","N.A.","N.A.","https://geodata.gov.hk/LGRT/public_open_space/staging-file-VPjvsBPlmj--20180626-115204-3938103697292557822.pdf","815600.0","834649.0","22.31010983","113.99960677"
"HS5Ayxpwou","Island Crest","縉城峰","8 First Street","第一街8號","CENTRAL & WESTERN","中西區","Multiple Ownership","共有業權","700","It is at ground level and is accessible from First Street and Second Street.","位於地面,可由第一街及第二街前往。","Opening to the public at all times","全日向公眾開放","Sheltered seating not available","沒有提供有蓋座位","Barrier-free-access facilities available","提供無障礙通道設施","N.A.","N.A.","https://geodata.gov.hk/LGRT/public_open_space/staging-file-KFw0QGv46J--20180809-120329-639889344647010853.pdf","816370.0","832767.0","22.22805775","113.99971008"
"jhMnymnTFu","The Sail at Victoria","傲翔灣畔","Sai Ning Street","西寧街","CENTRAL & WESTERN","中西區","Multiple Ownership","共有業權","1377","It is at ground level and is accessible from Sai Ning Street and Victoria Road.","位於地面,可由西寧街及域多利道前往。","Opening to the public at all times","全日向公眾開放","Sheltered seating available","提供有蓋座位","Barrier-free-access facilities available","提供無障礙通道設施","On government land","位於政府土地","https://geodata.gov.hk/LGRT/public_open_space/staging-file-Gg6KzJoW5H--20180626-122846-6121093878044129576.pdf","815815.0","830422.0","22.29536291","113.99962537"
"s8ffQ1tfW0","The Nova","星鑽","88 Third Street","第三街88號","CENTRAL & WESTERN","中西區","Multiple Ownership","共有業權","1200","It is at upper ground level and is accessible from Third Street and Centre Street.","位於地面高層,可由第三街及正街前往。","Opening to the public at all times","全日向公眾開放","Sheltered seating not available","沒有提供有蓋座位","Barrier-free-access facilities available","提供無障礙通道設施","N.A.","N.A.","https://geodata.gov.hk/LGRT/public_open_space/staging-file-ETswW37PO7--20180706-112609-828448110113052963.pdf","816285.0","832613.0","22.31951167","114.00053638"
"s8ffQ1tfW0","The Nova","星鑽","88 Third Street","第三街88號","CENTRAL & WESTERN","中西區","Multiple Ownership","共有業權","1200","It is at upper ground level and is accessible from Third Street and Centre Street.","位於地面高層,可由第三街及正街前往。","Opening to the public at all times","全日向公眾開放","Sheltered seating not available","沒有提供有蓋座位","Barrier-free-access facilities available","提供無障礙通道設施","N.A.","N.A.","https://geodata.gov.hk/LGRT/public_open_space/staging-file-ETswW37PO7--20180706-112609-828448110113052963.pdf","816282.2","832671.8","22.28542","114.14198"
"Q3VMHagNeV","The University of Hong Kong Jockey Club Student Village III (Open Space - 1)","香港大學賽馬會第三學生村(休憩空間-1)","9 Lung Wah Street","龍華街9號","CENTRAL & WESTERN","中西區","Single Ownership","單一業權","1130","It is at ground level and is accessible from Smithfield.","位於地面,可由士美菲路前往。","It is open to the public from 7:00 a.m. to 9:30 p.m. daily.","每天早上7時至晚上9時30分開放。","Sheltered seating not available","沒有提供有蓋座位","Barrier-free-access facilities available","提供無障礙通道設施","On government land","位於政府土地","https://geodata.gov.hk/LGRT/public_open_space/staging-file-qPkdn1lexG--20180716-104412-4498836821211490596.pdf","815592.0","831413.0","22.65417591","113.99916826"
"MJP4xWmYXG","The University of Hong Kong Jockey Club Student Village III (Open Space - 2)","香港大學賽馬會第三學生村(休憩空間-2)","9 Lung Wah Street","龍華街9號","CENTRAL & WESTERN","中西區","Single Ownership","單一業權","2150","It is at ground level and is accessible from Lung Wah Street.","位於地面,可由龍華街前往。","It is open to the public from 7:00 a.m. to 9:30 p.m. daily.","每天早上7時至晚上9時30分開放。","Sheltered seating not available","沒有提供有蓋座位","Barrier-free-access facilities available","提供無障礙通道設施","N.A.","N.A.","https://geodata.gov.hk/LGRT/public_open_space/staging-file-SD8JJ8XQYK--20180718-102303-8229263787493915997.pdf","815548.0","831385.0","22.65417591","113.99916826"
"69WG2IIArQ","Cheung Kong Center","長江集團中心","2 Queen’s Road Central","皇后大道中2號","CENTRAL & WESTERN","中西區","Single Ownership","單一業權","5200","It is at G/F and UG/F and is accessible from Queen's Road Central.","位於地面及地下高層,可由皇后大道中前往。","Opening to the public at all times","全日向公眾開放","Sheltered seating not available","沒有提供有蓋座位","Barrier-free-access facilities available","提供無障礙通道設施","N.A.","N.A.","https://geodata.gov.hk/LGRT/public_open_space/staging-file-vAAXmVlk2z--20180626-104154-425965574513107571.pdf","815659.0","834556.0","22.3082676","113.99960909"
"69WG2IIArQ","Cheung Kong Center","長江集團中心","2 Queen’s Road Central","皇后大道中2號","CENTRAL & WESTERN","中西區","Single Ownership","單一業權","5200","It is at G/F and UG/F and is accessible from Queen's Road Central.","位於地面及地下高層,可由皇后大道中前往。","Opening to the public at all times","全日向公眾開放","Sheltered seating not available","沒有提供有蓋座位","Barrier-free-access facilities available","提供無障礙通道設施","N.A.","N.A.","https://geodata.gov.hk/LGRT/public_open_space/staging-file-vAAXmVlk2z--20180626-104154-425965574513107571.pdf","815582.9","834538.6","22.27911","114.16009"
"Oc3bgN7x3G","La Maison Du Nord","采逸軒","12 North Street","北街12號","CENTRAL & WESTERN","中西區","Multiple Ownership","共有業權","359","It is at ground level and is accessible from North Street.","位於地面,可由北街前往。","Opening to the public at all times","全日向公眾開放","Sheltered seating available","提供有蓋座位","Barrier-free-access facilities available","提供無障礙通道設施","Part of the Open Space (about 224 m²) is on government land.","部份休憩空間(約224平方米)位於政府土地。","https://geodata.gov.hk/LGRT/public_open_space/staging-file-Zikcunyubh--20180626-111547-3380980975653045992.pdf","816010.0","831317.0","22.27644383","113.99964922"
"XgBIeATDth","Hong Kong Station Development (Open Space -1)","香港站物業發展(休憩空間-1)","Harbour View Street, Central","中環港景街","CENTRAL & WESTERN","中西區","Multiple Ownership","共有業權","9600","It is at Podium Levels 3 and 4.","位於平台第3及第4樓層。","Opening to the public at all times","全日向公眾開放","Sheltered seating available","提供有蓋座位","Barrier-free-access facilities available","提供無障礙通道設施","N.A.","N.A.","https://geodata.gov.hk/LGRT/public_open_space/staging-file-sg5MrTn2Tx--20180626-100641-2777911653596818932.pdf","816340.0","834307.0","22.22263032","113.99971689"
"fCQ4WfUQYO","Hong Kong Station Development (Open Space -2)","香港站物業發展(休憩空間-2)","Harbour View Street, Central","中環港景街","CENTRAL & WESTERN","中西區","Multiple Ownership","共有業權","3400","It is at Podium Level 1.","位於平台第1樓層。","Opening to the public at all times","全日向公眾開放","Sheltered seating available","提供有蓋座位","Barrier-free-access facilities available","提供無障礙通道設施","On government land","位於政府土地","https://geodata.gov.hk/LGRT/public_open_space/staging-file-rnZz6EcT4e--20180626-102007-8792971134056210930.pdf","816346.0","834186.0","22.22263032","113.99971689"
"kch8cwI0Yc","The Orchards","逸樺園","3 Greig Road, Quarry Bay","鰂魚涌基利路3號","EASTERN","東區","Multiple Ownership","共有業權","1271","It is at ground level and accessible from Greig Road.","位於地面,可由基利路前往。","Opening to the public at all times","全日向公眾開放","Sheltered seating not available","沒有提供有蓋座位","Barrier-free-access facilities not available","沒有提供無障礙通道設施","On government land","位於政府土地","https://geodata.gov.hk/LGRT/public_open_space/staging-file-nbZ3gz9c7g--20180626-141628-4516773719929140391.pdf","816118.0","840064.0","22.27249746","113.99965419"
"kch8cwI0Yc","The Orchards","逸樺園","3 Greig Road, Quarry Bay","鰂魚涌基利路3號","EASTERN","東區","Multiple Ownership","共有業權","1271","It is at ground level and accessible from Greig Road.","位於地面,可由基利路前往。","Opening to the public at all times","全日向公眾開放","Sheltered seating not available","沒有提供有蓋座位","Barrier-free-access facilities not available","沒有提供無障礙通道設施","On government land","位於政府土地","https://geodata.gov.hk/LGRT/public_open_space/staging-file-nbZ3gz9c7g--20180626-141628-4516773719929140391.pdf","816144.9","840101.7","22.28418","114.21407"
"0VVCRcsmBa","Grand Promenade","嘉亨灣","38 Tai Hong Street, Sai Wan Ho","西灣河太康街38號","EASTERN","東區","Multiple Ownership","共有業權","1010","It is at ground level and next to Shau Kei Wan Typhoon Shelter accessible from Tai On Street.","位於地面,在筲箕灣避風塘側,可由太安街前往。","Opening to the public at all times","全日向公眾開放","Sheltered seating not available","沒有提供有蓋座位","Barrier-free-access facilities available","提供無障礙通道設施","On government land","位於政府土地","https://geodata.gov.hk/LGRT/public_open_space/staging-file-AABz7dpOHs--20180808-172750-7953112502374074461.pdf","816184.0","841229.0","22.24154953","113.99969312"
"6QafpsdpgT","Island Place","港運城","510 King’s Road, North Point","北角英皇道510號","EASTERN","東區","Multiple Ownership","共有業權","625","It is at ground level and is accessible from King's Road.","位於地面,可由英皇道前往。","Opening to the public at all times","全日向公眾開放","Sheltered seating not available","沒有提供有蓋座位","Barrier-free-access facilities not available","沒有提供無障礙通道設施","N.A.","N.A.","https://geodata.gov.hk/LGRT/public_open_space/staging-file-iLnCmzzWsw--20180808-172614-328270494868122445.pdf","816949.0","838939.0","22.17450581","113.99977724"
"XxJq7XiZus","The Floridian","逸意居","18 Sai Wan Terrace, Quarry Bay","鰂魚涌西灣臺18號","EASTERN","東區","Multiple Ownership","共有業權","540","It is at the junction of Hong On Street and Sai Wan Terrace and is accessible from Sai Wan Terrace.","位於康安街與西灣臺的交界處,可由西灣臺前往。","Opening to the public at all times","全日向公眾開放","Sheltered seating not available","沒有提供有蓋座位","Barrier-free-access facilities not available","沒有提供無障礙通道設施","N.A.","N.A.","https://geodata.gov.hk/LGRT/public_open_space/staging-file-wtpMKqWhQz--20180808-173100-5040725678685565246.pdf","816167.0","840534.0","22.26339461","113.99966565"
"iH1AUsQufx","Tanner Garden","丹拿花園","18 Tanner Road, North Point","北角丹拿道18號","EASTERN","東區","Multiple Ownership","共有業權","1410","There are 2 parcels of open space and their respective sizes are about (Open Space-1) 920 m² and (Open Space-2) 490 m². Open Space-1 is on ground level and is accessible from Tanner Road. Open Space-2 is adjacent to Block 3 of Tanner Garden and is accessible from Tanner Road by staircase.","該處有兩幅休憩空間,面積分別約為 (休憩空間-1) 920 平方米及 (休憩空間-2) 490 平方米。休憩空間-1位於地面,可由丹拿道前往。休憩空間-2毗鄰丹拿花園3 座,可由丹拿道經梯級前往。","Open Space-1 is open to the public at alltimes. Open Space-2 is open to the public from 05:30 a.m. to 06:30 p.m. daily.","休憩空間-1為全日向公眾開放。休憩空間-2每天上午5 時30 分至下午6 時30 分向公眾開放。","Sheltered seating not available","沒有提供有蓋座位","Barrier-free-access facilities not available","沒有提供無障礙通道設施","N.A.","N.A.","https://geodata.gov.hk/LGRT/public_open_space/staging-file-Y0bkcVkZRC--20180627-123148-641645388877425462.pdf","816834.0","838871.0","22.18152267","113.99976845"
"iH1AUsQufx","Tanner Garden","丹拿花園","18 Tanner Road, North Point","北角丹拿道18號","EASTERN","東區","Multiple Ownership","共有業權","1410","There are 2 parcels of open space and their respective sizes are about (Open Space-1) 920 m² and (Open Space-2) 490 m². Open Space-1 is on ground level and is accessible from Tanner Road. Open Space-2 is adjacent to Block 3 of Tanner Garden and is accessible from Tanner Road by staircase.","該處有兩幅休憩空間,面積分別約為 (休憩空間-1) 920 平方米及 (休憩空間-2) 490 平方米。休憩空間-1位於地面,可由丹拿道前往。休憩空間-2毗鄰丹拿花園3 座,可由丹拿道經梯級前往。","Open Space-1 is open to the public at alltimes. Open Space-2 is open to the public from 05:30 a.m. to 06:30 p.m. daily.","休憩空間-1為全日向公眾開放。休憩空間-2每天上午5 時30 分至下午6 時30 分向公眾開放。","Sheltered seating not available","沒有提供有蓋座位","Barrier-free-access facilities not available","沒有提供無障礙通道設施","N.A.","N.A.","https://geodata.gov.hk/LGRT/public_open_space/staging-file-Y0bkcVkZRC--20180627-123148-641645388877425462.pdf","816731.6","838841.7","22.28948","114.20185"
"w7X6LREkmI","City Garden","城市花園","233 Electric Road","電氣道233號","EASTERN","東區","Multiple Ownership","共有業權","5420","It is at ground level and is accessible from City Garden Road.","位於地面,可由城市花園道前往。","It is open to the public from 07:00 a.m. to 11:00 p.m. daily.","每天上午7時至晚上11時向公眾開放。","Sheltered seating not available","沒有提供有蓋座位","Barrier-free-access facilities not available","沒有提供無障礙通道設施","N.A.","N.A.","https://geodata.gov.hk/LGRT/public_open_space/staging-file-ztORfifIC6--20180627-123219-7641379695472747472.pdf","816869.0","838009.0","22.7594129","113.99903241"
"s9AYvKbPy2","Braemar Hill Mansions","賽西湖大廈","15-43 Braemar Hill Road","北角寶馬山道15-43號","EASTERN","東區","Multiple Ownership","共有業權","25300","It is at ground level and is accessible from Braemar Hill Road.","位於地面,可由寶馬山道前往。","It is open to the public from 6:00 a.m. to 7:00 p.m. daily.","每天上午6時至晚上7時向公眾開放。","Sheltered seating not available","沒有提供有蓋座位","Barrier-free-access facilities not available","沒有提供無障礙通道設施","N.A.","N.A.","https://geodata.gov.hk/LGRT/public_open_space/staging-file-xQMcqOVoAT--20180713-154416-3195002677889818761.pdf","816389.0","838843.0","22.21919867","113.9997212"
"g7xk4CwBOA","HSBC Centre","滙豐中心","1 Sham Mong Road","深旺道1號","YAU TSIM MONG","油尖旺","Multiple Ownership","共有業權","3900","It is at upper ground level and is accessible from Hoi King Street and Sham Mong Road or footbridges from Harbour Green and Olympic MTR Station.","位於地下高層,可由海景街和深旺道或由君匯港及港鐵奧運站的行人天橋前往。","Opening to the public at all times","全日向公眾開放","Sheltered seating not available","沒有提供有蓋座位","Barrier-free-access facilities not available","沒有提供無障礙通道設施","N.A.","N.A.","https://geodata.gov.hk/LGRT/public_open_space/staging-file-eQLBRtab9u--20180808-172835-1130850443867001544.pdf","819972.0","834610.0","22.9557149","113.99876708"
"ZfbahHwEOk","K11","K11","18 Hanoi Road","河內道18號","YAU TSIM MONG","油尖旺","Multiple Ownership","共有業權","1200","It is at ground level and is accessible from Mody Road and Carnarvon Road.","位於地面,可由麽地道及加拿芬道前往。","Opening to the public at all times","全日向公眾開放","Sheltered seating available","提供有蓋座位","Barrier-free-access facilities available","提供無障礙通道設施","N.A.","N.A.","https://geodata.gov.hk/LGRT/public_open_space/staging-file-XUZ9cLOyef--20180627-140026-5582400156491955099.pdf","817611.0","835904.0","22.68178111","113.9991327"
"WFENCCpM0w","Olympian City 1","奧海城1期","11 Hoi Fai Road","海輝道11號","YAU TSIM MONG","油尖旺","Multiple Ownership","共有業權","7800","They are at ground level and are accessible from Hoi Fai Road, Hoi Fan Road and Cherry Street.","位於地面,可由海輝道、海帆道及櫻桃街前往。","Opening to the public at all times","全日向公眾開放","Sheltered seating available","提供有蓋座位","Barrier-free-access facilities available","提供無障礙通道設施","N.A.","N.A.","https://geodata.gov.hk/LGRT/public_open_space/staging-file-QwWj7hJDnT--20180627-140045-7756826710106230733.pdf","820182.0","834245.0","22.9457279","113.99878016"
"WFENCCpM0w","Olympian City 1","奧海城1期","11 Hoi Fai Road","海輝道11號","YAU TSIM MONG","油尖旺","Multiple Ownership","共有業權","7800","They are at ground level and are accessible from Hoi Fai Road, Hoi Fan Road and Cherry Street.","位於地面,可由海輝道、海帆道及櫻桃街前往。","Opening to the public at all times","全日向公眾開放","Sheltered seating available","提供有蓋座位","Barrier-free-access facilities available","提供無障礙通道設施","N.A.","N.A.","https://geodata.gov.hk/LGRT/public_open_space/staging-file-QwWj7hJDnT--20180627-140045-7756826710106230733.pdf","820041.9","834211.7","22.31938","114.15692"
"WFENCCpM0w","Olympian City 1","奧海城1期","11 Hoi Fai Road","海輝道11號","YAU TSIM MONG","油尖旺","Multiple Ownership","共有業權","7800","They are at ground level and are accessible from Hoi Fai Road, Hoi Fan Road and Cherry Street.","位於地面,可由海輝道、海帆道及櫻桃街前往。","Opening to the public at all times","全日向公眾開放","Sheltered seating available","提供有蓋座位","Barrier-free-access facilities available","提供無障礙通道設施","N.A.","N.A.","https://geodata.gov.hk/LGRT/public_open_space/staging-file-QwWj7hJDnT--20180627-140045-7756826710106230733.pdf","819853.5","834239.2","22.31768","114.15718"
"tTxh3U4FuU","Olympian City Two","奧海城二期","18 Hoi Ting Road","海庭道18號","YAU TSIM MONG","油尖旺","Multiple Ownership","共有業權","8900","It is at podium level and is accessible from Hoi Ting Road and Hoi Wang Road.","位於平台,可由海庭道及海泓道前往。","It is open to the public from 06:00 a.m. to 10:00 p.m. daily.","每天上午6時至晚上10時向公眾開放。","Sheltered seating not available","沒有提供有蓋座位","Barrier-free-access facilities available","提供無障礙通道設施","N.A.","N.A.","https://geodata.gov.hk/LGRT/public_open_space/staging-file-FkTYEWyH8U--20180627-140100-7414796532706678335.pdf","819567.0","834823.0","22.96665003","113.99875276"
"Il9kuBvidV","Kowloon Station Development","九龍站物業發展","1 Austin Road West","柯士甸道西1號","YAU TSIM MONG","油尖旺","Multiple Ownership","共有業權","17000","They are at podium level and are accessible from MTR Kowloon Station.","位於平台,可由港鐵九龍站前往。","They are open to the public from 06:00 a.m. to 10:00 p.m. daily.","每天上午6時至晚上10時向公眾開放。","Sheltered seating not available","沒有提供有蓋座位","Barrier-free-access facilities available","提供無障礙通道設施","N.A.","N.A.","https://geodata.gov.hk/LGRT/public_open_space/staging-file-79817ISd5G--20180627-140118-3107090748247387674.pdf","818506.0","834778.0","23.02324876","113.9986785"
"Il9kuBvidV","Kowloon Station Development","九龍站物業發展","1 Austin Road West","柯士甸道西1號","YAU TSIM MONG","油尖旺","Multiple Ownership","共有業權","17000","They are at podium level and are accessible from MTR Kowloon Station.","位於平台,可由港鐵九龍站前往。","They are open to the public from 06:00 a.m. to 10:00 p.m. daily.","每天上午6時至晚上10時向公眾開放。","Sheltered seating not available","沒有提供有蓋座位","Barrier-free-access facilities available","提供無障礙通道設施","N.A.","N.A.","https://geodata.gov.hk/LGRT/public_open_space/staging-file-79817ISd5G--20180627-140118-3107090748247387674.pdf","818341.8","834701.9","22.30403","114.16168"
"Il9kuBvidV","Kowloon Station Development","九龍站物業發展","1 Austin Road West","柯士甸道西1號","YAU TSIM MONG","油尖旺","Multiple Ownership","共有業權","17000","They are at podium level and are accessible from MTR Kowloon Station.","位於平台,可由港鐵九龍站前往。","They are open to the public from 06:00 a.m. to 10:00 p.m. daily.","每天上午6時至晚上10時向公眾開放。","Sheltered seating not available","沒有提供有蓋座位","Barrier-free-access facilities available","提供無障礙通道設施","N.A.","N.A.","https://geodata.gov.hk/LGRT/public_open_space/staging-file-79817ISd5G--20180627-140118-3107090748247387674.pdf","818310.6","834785.2","22.30375","114.16248"
"amesUFo7SY","Vista","海峯","188 Fuk Wa Street","福華街188號","SHAM SHUI PO","深水埗","Multiple Ownership","共有業權","250","It is at ground level and is accessible from Kiu Kiang Street and Fuk Wing Street.","位於地面,可由九江街及福榮街前往。","Opening to the public at all times","全日向公眾開放","Sheltered seating not available","沒有提供有蓋座位","Barrier-free-access facilities not applicable","無障礙通道設施不適用","N.A.","N.A.","https://geodata.gov.hk/LGRT/public_open_space/staging-file-sLju1QfrWS--20180627-140336-8871247996130489849.pdf","821569.0","834623.0","22.87447306","113.99887321"
"5NHl0AhGwq","Heya Aqua","喜漾","393, 395, 397 & 399 Un Chau Street, 500-502 Fuk Wing Street","元州街 393, 395, 397 及399 號, 福榮街 500-502 號","SHAM SHUI PO","深水埗","Multiple Ownership","共有業權","150.431","It is at ground level and is accessible from Un Chau Street.","位於地面,可由元州街前往。","Opening to the public at all times","全日向公眾開放","Sheltered seating not available","沒有提供有蓋座位","Barrier-free-access facilities not applicable","無障礙通道設施不適用","N.A.","N.A.","https://geodata.gov.hk/LGRT/public_open_space/staging-file-RDzxAg1nY0--20180703-122614-1207492718971772051.pdf","822214.0","833956.0","22.87843826","113.99982307"
"N6ZEMY1ILJ","Heya Crystal","喜薈","399 Castle Peak Road","青山道399號","SHAM SHUI PO","深水埗","Multiple Ownership","共有業權","150.016","It is at ground level and is accessible from Castle Peak Road.","位於地面,可由青山道前往。","Opening to the public at all times","全日向公眾開放","Sheltered seating not available","沒有提供有蓋座位","Barrier-free-access facilities not applicable","無障礙通道設施不適用","N.A.","N.A.","https://geodata.gov.hk/LGRT/public_open_space/staging-file-EiyZTm7n3Q--20180703-122843-5809943561833092038.pdf","822272.0","833989.0","22.40440743","114.00042949"
"yoTuxKnG0h","Trinity Towers","丰滙","339 Lai Chi Kok Road & 213 Yee Kuk Street","茘枝角道339號及醫局街213號","SHAM SHUI PO","深水埗","Multiple Ownership","共有業權","580","It is at ground level and is accessible from Kweilin Street, Yee Kuk Street and Lai Chi Kok Road.","位於地面,可由桂林街、醫局街及茘枝角道前往。","Opening to the public at all times","全日向公眾開放","Sheltered seating not available","沒有提供有蓋座位","Barrier-free-access facilities not applicable","無障礙通道設施不適用","N.A.","N.A.","https://geodata.gov.hk/LGRT/public_open_space/staging-file-PRtLyLjC8D--20180703-122951-8886601601110428561.pdf","821071.0","834485.0","22.19899808","114.00068722"
"L86cgATHuC","Beacon Lodge","豐盛居","373 Po On Road","保安道373號","SHAM SHUI PO","深水埗","Multiple Ownership","共有業權","250","It is at ground level and is accessible from Hing Wah Street and Shun Ning Road.","位於地面,可由興華街及順寧道前往。","Opening to the public at all times","全日向公眾開放","Sheltered seating not available","沒有提供有蓋座位","Barrier-free-access facilities not applicable","無障礙通道設施不適用","N.A.","N.A.","https://geodata.gov.hk/LGRT/public_open_space/staging-file-Ew6qJpXW5b--20180627-140319-7870366589447561197.pdf","822326.0","834063.0","22.84061979","113.99891728"
"GkrI1UByDJ","Sceneway Garden","匯景花園","Sceneway Road, Lam Tin","藍田匯景道","KWUN TONG","觀塘","Multiple Ownership","共有業權","4840","There are 2 parcels of open spaceand their respective sizes are about 2,600 m² and 2,240 m². It is at ground level and accessible from Sin Fat Road, Lei Yue Mun Road/Kai Tin Road.","該處有兩幅休憩空間,面積分別約為2 600及2 240平方米。位於地面,可由茜發道、鯉魚門道及啟田道前往。","It is open to the public from 07:00 a.m. to 11:00 p.m. daily.","每天上午7時至晚上11時向公眾開放。","Sheltered seating available","提供有蓋座位","Barrier-free-access facilities not available","沒有提供無障礙通道設施","On government land","位於政府土地","https://geodata.gov.hk/LGRT/public_open_space/staging-file-v9fxi8gF3l--20180808-171853-772997233094523624.pdf","818438.0","842299.0","23.0178309","113.99868562"
"GkrI1UByDJ","Sceneway Garden","匯景花園","Sceneway Road, Lam Tin","藍田匯景道","KWUN TONG","觀塘","Multiple Ownership","共有業權","4840","There are 2 parcels of open spaceand their respective sizes are about 2,600 m² and 2,240 m². It is at ground level and accessible from Sin Fat Road, Lei Yue Mun Road/Kai Tin Road.","該處有兩幅休憩空間,面積分別約為2 600及2 240平方米。位於地面,可由茜發道、鯉魚門道及啟田道前往。","It is open to the public from 07:00 a.m. to 11:00 p.m. daily.","每天上午7時至晚上11時向公眾開放。","Sheltered seating available","提供有蓋座位","Barrier-free-access facilities not available","沒有提供無障礙通道設施","On government land","位於政府土地","https://geodata.gov.hk/LGRT/public_open_space/staging-file-v9fxi8gF3l--20180808-171853-772997233094523624.pdf","818711.6","841864.7","22.30736","114.23119"
"7AZ2yIJMak","Soka Gakkai International of Hong Kong Cultural and Recreational Centre","香港國際創價學會文化康樂中心","33 Shan Nam Road","山南路33 號","TAI PO","大埔","Single Ownership","單一業權","7000","It is at ground level and is accessible from a non-exclusive right of way connecting to Shan Liu Road.","位於地面,可由一連接山寮路的非專用通道前往。","January to March and November to December: <br/>10:00 a.m. to 04:00 p.m. (Monday to Friday) 10:00 a.m. to 05:00 p.m. (Saturday, Sunday and public holidays). April to October: 10:00 a.m. to 04:00 p.m. (Monday to Friday) 10:00 a.m. to 06:00 p.m. (Saturday, Sunday and public holidays).","一月至三月及十一月至十二月 : 上午10時至下午4時 (星期一至五) 上午10時至下午5時 (星期六、日及公眾假期) 四月至十月 : 上午10時至下午4時 (星期一至五) 上午10時至下午6時 (星期六、日及公眾假期)","Sheltered seating available","提供有蓋座位","Barrier-free-access facilities not available","沒有提供無障礙通道設施","The facilities providedare as follows: (a) Sports ground (b) 2 barbecue pits (c) Hiking trail around sports ground (d) Sitting out area (e) 21 designated car parking spaces (f) Toilets and shower rooms (6 each for male and female) in the visitor pavilion","設施提供如下: (a) 運動場 (b) 兩座燒烤爐 (c) 圍繞運動場的遠足徑 (d) 露天休憩範圍 (e) 21個指定的泊車位 (f) 訪客樓內的男女洗手間及花灑間 (各6個)","https://geodata.gov.hk/LGRT/public_open_space/staging-file-f3edwZhQVw--20180627-141013-2018262144902898302.pdf","837225.0","841056.0","22.93902773","113.99876942"
"7AZ2yIJMak","Soka Gakkai International of Hong Kong Cultural and Recreational Centre","香港國際創價學會文化康樂中心","33 Shan Nam Road","山南路33 號","TAI PO","大埔","Single Ownership","單一業權","7000","It is at ground level and is accessible from a non-exclusive right of way connecting to Shan Liu Road.","位於地面,可由一連接山寮路的非專用通道前往。","January to March and November to December: <br/>10:00 a.m. to 04:00 p.m. (Monday to Friday) 10:00 a.m. to 05:00 p.m. (Saturday, Sunday and public holidays). April to October: 10:00 a.m. to 04:00 p.m. (Monday to Friday) 10:00 a.m. to 06:00 p.m. (Saturday, Sunday and public holidays).","一月至三月及十一月至十二月 : 上午10時至下午4時 (星期一至五) 上午10時至下午5時 (星期六、日及公眾假期) 四月至十月 : 上午10時至下午4時 (星期一至五) 上午10時至下午6時 (星期六、日及公眾假期)","Sheltered seating available","提供有蓋座位","Barrier-free-access facilities not available","沒有提供無障礙通道設施","The facilities providedare as follows: (a) Sports ground (b) 2 barbecue pits (c) Hiking trail around sports ground (d) Sitting out area (e) 21 designated car parking spaces (f) Toilets and shower rooms (6 each for male and female) in the visitor pavilion","設施提供如下: (a) 運動場 (b) 兩座燒烤爐 (c) 圍繞運動場的遠足徑 (d) 露天休憩範圍 (e) 21個指定的泊車位 (f) 訪客樓內的男女洗手間及花灑間 (各6個)","https://geodata.gov.hk/LGRT/public_open_space/staging-file-f3edwZhQVw--20180627-141013-2018262144902898302.pdf","837225.9","841142.8","22.47455","114.22424"
"Hi5uqenCcr","Symphony Bay Villa Rhapsody","帝琴灣-凱琴居","533 Sai Sha Road","西沙路533號","TAI PO","大埔","Multiple Ownership","共有業權","3600","It is at ground level and is accessible from Nin Fung Road.","位於地面,可由年豐路前往。","Opening to the public at all times","全日向公眾開放","Sheltered seating not available","沒有提供有蓋座位","Barrier-free-access facilities not available","沒有提供無障礙通道設施","On government land","位於政府土地","https://geodata.gov.hk/LGRT/public_open_space/staging-file-BFwEfGdOn3--20180808-173405-1764408897619506722.pdf","832302.0","843953.0","22.62998403","113.99919937"
"j1xVZZr2AP","Chelsea Heights","卓爾居","1 Shek Pai Tau Path","石排頭徑1號","TUEN MUN","屯門","Multiple Ownership","共有業權","2810","It is at ground level and is accessible from Shek Pai Tau Path.","位於地面,可由石排頭徑前往。","It is open to the public from 09:00 a.m. to 10:00 p.m. daily.","每天上午9時至晚上10時向公眾開放。","Sheltered seating available","提供有蓋座位","Barrier-free-access facilities not applicable","無障礙通道設施不適用","On government land","位於政府土地","https://geodata.gov.hk/LGRT/public_open_space/staging-file-RGH85tI1Mf--20180808-172340-4587327290963117321.pdf","829132.0","815470.0","22.4568822","113.99941105"
"VRipA8qgIy","Botania Villa","綠怡居","138 Fuk Hang Tsuen Road","福亨村路138號","TUEN MUN","屯門","Multiple Ownership","共有業權","2900","It is at upper ground level and is accessible from Lam Tei Main Street.","位於地下高層,可由藍地大街前往。","It is open to the public from 06:00 a.m. to 07:00 p.m. daily.","每天上午6時至晚上7時向公眾開放。","Sheltered seating available","提供有蓋座位","Barrier-free-access facilities available","提供無障礙通道設施","N.A.","N.A.","https://geodata.gov.hk/LGRT/public_open_space/staging-file-uWP9yDFT83--20180627-141243-1187306836787502598.pdf","830962.0","816518.0","22.30839402","113.99959923"
"ZjO79kOiNL","Chi Lok Fa Yuen","置樂花園","18 Tsing Hoi Circuit","青海圍18號","TUEN MUN","屯門","Multiple Ownership","共有業權","3000","It is at ground level and is accessible from Tsing Wui Street.","位於地面,可由青滙街前往。","Opening to the public at all times","全日向公眾開放","Sheltered seating available","提供有蓋座位","Barrier-free-access facilities not applicable","無障礙通道設施不適用","N.A.","N.A.","https://geodata.gov.hk/LGRT/public_open_space/staging-file-61EVOhRJdY--20180627-141315-6977055969529539409.pdf","827593.0","815957.0","22.5694724","113.99926729"
"2IremHmHp0","Sha Tin Racecourse","沙田馬場","6001 Tai Po Road -Sha Tin","大埔公路-沙田段6001號","SHA TIN","沙田","Single Ownership","單一業權","80000","Penfold Park - accessible from Tai Po Road - Sha Tin or the footbridge to/from Jubilee Garden.","彭福公園 - 可由大埔公路-沙田段或由通往銀禧花園的行人天橋前往。","(1) Summer Time (May to September) Sha Tin Day Race : 09:00 a.m. to 11:30 a.m. Sha Tin Night Race : 09:00 a.m. to 05:00 p.m. Non-racedays : 09:00 a.m.** to 07:30 p.m. (2) Winter Time (October to April) Sha Tin Day Race : 09:00 a.m. to 11:30 a.m. Sha Tin Night Race : 09:00 a.m. to 05:00 p.m. Non-racedays : 09:00 a.m.** to 06:30 p.m. (**Except opening at 09:30 a.m. on Tue & Fri.)","(1) 夏季時段 (5月份至9月份) 日間賽馬日 : 上午9時至上午11時30分 夜間賽馬日: 上午9時至下午5時非賽馬日 : 上午9時** 至下午7時30分 (2) 冬季時段 (10月份至4月份) 日間賽馬日 : 上午9時至上午11時30分 夜間賽馬日: 上午9時至下午5時 非賽馬日 : 上午9時** 至下午6時3 0分 (**除星期二和星期五由上午9時30分開放。)","Sheltered seating available","提供有蓋座位","Barrier-free-access facilities available","提供無障礙通道設施","N.A.","N.A.","https://geodata.gov.hk/LGRT/public_open_space/staging-file-XIdKPHXV92--20180627-141544-1190891888140579286.pdf","828945.0","839283.0","22.99431843","113.99967233"
"Vux01RJgfP","H Cube","立坊","116-122 Yeung Uk Road","楊屋道116-122號","TSUEN WAN","荃灣","Multiple Ownership","共有業權","200","It is at ground level and is accessible from Yeung Uk Road.","位於地面,可由楊屋道前往。","Opening to the public at all times","全日向公眾開放","Sheltered seating not available","沒有提供有蓋座位","Barrier-free-access facilities available","提供無障礙通道設施","N.A.","N.A.","https://geodata.gov.hk/LGRT/public_open_space/staging-file-9STjWSgySe--20180703-135239-5157960592939377554.pdf","825273.0","830199.0","22.74086513","113.99904668"
"9Aio3fYTTi","Vision City","萬景峰","1 Yeung Uk Road","楊屋道1號","TSUEN WAN","荃灣","Multiple Ownership","共有業權","3700","It is at G/F, UG/F and 1/F and is accessible from Wo Tik Street and Sha Tsui Road.","位於地面、地下高層及1樓,可由禾笛街及沙嘴道前往。","It is open to the public from 06:30 a.m. to 11:00 p.m. daily.","每天上午6時30分至晚上11時向公眾開放。","Sheltered seating not available","沒有提供有蓋座位","Barrier-free-access facilities available","提供無障礙通道設施","N.A.","N.A.","https://geodata.gov.hk/LGRT/public_open_space/staging-file-RoifjrNBIC--20180627-141718-134972400257506937.pdf","825651.0","829797.0","22.71945478","113.99907435"
"SQ8BSOpu00","Belvedere Garden Phases II & III","麗城花園第二及三期","620 & 625 Castle Peak Road - Tsuen Wan","青山公路–荃灣段620及625號","TSUEN WAN","荃灣","Multiple Ownership","共有業權","5680","It is at ground level and is accessible from Castle Peak Road.","位於地面,可由青山公路前往。","Opening to the public at all times","全日向公眾開放","Sheltered seating not available","沒有提供有蓋座位","Barrier-free-access facilities available","提供無障礙通道設施","N.A.","N.A.","https://geodata.gov.hk/LGRT/public_open_space/staging-file-ZoVoBUChVe--20180627-141755-1844078080102262322.pdf","825897.0","828578.0","22.70931397","113.99908745"
"y0YtS2E7KJ","New Kwai Fong Gardens","新葵芳花園","12-20 Kwai Yi Road","葵義路12 - 20號","KWAI TSING","葵青","Multiple Ownership","共有業權","6400","It is at podium and the roof of Kwai Fong MTR Station, and is accessible from Kwai Yan Road and Kwai Yi Road.","位於平台及葵芳港鐵站天台,可由葵仁路及葵義路前往。","It is open to the public from 05:00 a.m. to 10:30 p.m. daily.","每天上午5時至晚上10時30分向公眾開放。","Sheltered seating available","提供有蓋座位","Barrier-free-access facilities not available","沒有提供無障礙通道設施","N.A.","N.A.","https://geodata.gov.hk/LGRT/public_open_space/staging-file-vyMmlyzGwi--20180627-142702-1739687018153638645.pdf","824201.0","831225.0","22.76925564","113.99900993"
"y0YtS2E7KJ","New Kwai Fong Gardens","新葵芳花園","12-20 Kwai Yi Road","葵義路12 - 20號","KWAI TSING","葵青","Multiple Ownership","共有業權","6400","It is at podium and the roof of Kwai Fong MTR Station, and is accessible from Kwai Yan Road and Kwai Yi Road.","位於平台及葵芳港鐵站天台,可由葵仁路及葵義路前往。","It is open to the public from 05:00 a.m. to 10:30 p.m. daily.","每天上午5時至晚上10時30分向公眾開放。","Sheltered seating available","提供有蓋座位","Barrier-free-access facilities not available","沒有提供無障礙通道設施","N.A.","N.A.","https://geodata.gov.hk/LGRT/public_open_space/staging-file-vyMmlyzGwi--20180627-142702-1739687018153638645.pdf","824150.2","831233.1","22.35647","114.12799"
"n2WCjpvkum","Sun Kwai Hing Gardens","新葵興花園","151-156 Tai Wo Hau Road, 166-174 Hing Fong Road","大窩口路151 - 156號, 興芳路166 - 174號","KWAI TSING","葵青","Multiple Ownership","共有業權","6000","It is at podium and the roof of Kwai Hing MTR Station and is from Tai Wo Hau Road.","位於平台及葵興港鐵站天台,可由大窩口路前往。","Except otherwise specified, it is open to the public at all times. Part of the area is open to the public from 11:00 a.m. to 06:00 p.m. daily.","除另行指明,全日向公眾開放。部份地方每天上午11時至晚上6時向公眾開放。","Sheltered seating not available","沒有提供有蓋座位","Barrier-free-access facilities not available","沒有提供無障礙通道設施","N.A.","N.A.","https://geodata.gov.hk/LGRT/public_open_space/staging-file-EPlgHfXAmh--20180627-143128-5160348111601412443.pdf","824885.0","831562.0","22.75506943","113.9990283"
"n2WCjpvkum","Sun Kwai Hing Gardens","新葵興花園","151-156 Tai Wo Hau Road, 166-174 Hing Fong Road","大窩口路151 - 156號, 興芳路166 - 174號","KWAI TSING","葵青","Multiple Ownership","共有業權","6000","It is at podium and the roof of Kwai Hing MTR Station and is from Tai Wo Hau Road.","位於平台及葵興港鐵站天台,可由大窩口路前往。","Except otherwise specified, it is open to the public at all times. Part of the area is open to the public from 11:00 a.m. to 06:00 p.m. daily.","除另行指明,全日向公眾開放。部份地方每天上午11時至晚上6時向公眾開放。","Sheltered seating not available","沒有提供有蓋座位","Barrier-free-access facilities not available","沒有提供無障礙通道設施","N.A.","N.A.","https://geodata.gov.hk/LGRT/public_open_space/staging-file-EPlgHfXAmh--20180627-143128-5160348111601412443.pdf","824854.7","831530.9","22.36284","114.13088"
"URlTAxmHSn","Tsing Yi Tin Hau Temple","青衣天后廟","Chung Mei Road, Tsing Yi","青衣涌美路","KWAI TSING","葵青","Single Ownership","單一業權","202","It is at ground level and is accessible from Chung Mei Road.","位於地面,可由涌美路前往。","Opening to the public at all times","全日向公眾開放","Sheltered seating not available","沒有提供有蓋座位","Barrier-free-access facilities not available","沒有提供無障礙通道設施","N.A.","N.A.","https://geodata.gov.hk/LGRT/public_open_space/staging-file-ld9UhSNUkK--20180627-143143-8228961597192818632.pdf","823502.0","829089.0","22.81919165","113.99894514"
"UJ9xQCi7hO","Wonderland Villas","華景山莊","9 Wah King Hill Road","華景山路9號","KWAI TSING","葵青","Multiple Ownership","共有業權","10100","It is at ground level and is accessible from Wah King Hill Road.","位於地面,可由華景山路前往。","It is open to the public from 07:00 a.m. to 06:00 p.m. daily.","每天上午7時至下午6時向公眾開放。","Sheltered seating available","提供有蓋座位","Barrier-free-access facilities not available","沒有提供無障礙通道設施","On government land","位於政府土地","https://geodata.gov.hk/LGRT/public_open_space/staging-file-nRqWB8OyYW--20180627-142632-7522438307303125984.pdf","823842.0","832152.0","22.77516129","113.99900227"
"4PRyRjklRh","Tung Chung Crescent","東堤灣畔","1-2 Hing Tung Street, Tung Chung","東涌興東街1-2號","ISLANDS","離島","Multiple Ownership","共有業權","9360","It is at ground level and is adjoining to Tung Chung MTR Station.","位於地面,鄰近港鐵東涌站。","Opening to the public at all times","全日向公眾開放","Sheltered seating not available","沒有提供有蓋座位","Barrier-free-access facilities available","提供無障礙通道設施","On government land","位於政府土地","https://geodata.gov.hk/LGRT/public_open_space/staging-file-IjI9goHjkZ--20180629-091621-599033841934734626.pdf","816624.0","811869.0","22.1887111","113.99975944"
"Xgqi2HuhLp","Seaview Crescent","海堤灣畔","8 Tung Chung Waterfront Road, Tung Chung","東涌海濱路8號","ISLANDS","離島","Multiple Ownership","共有業權","8300","It is at ground level and is accessible from Man Tung Road and Wai Tung Road.","位於地面,可由文東路及惠東路前往。","Opening to the public at all times","全日向公眾開放","Sheltered seating not available","沒有提供有蓋座位","Barrier-free-access facilities not available","沒有提供無障礙通道設施","On government land","位於政府土地","https://geodata.gov.hk/LGRT/public_open_space/staging-file-I0P9DJr2vO--20180627-143517-5277154612900250577.pdf","817149.0","812112.0","22.16885258","113.99978432"
"Xgqi2HuhLp","Seaview Crescent","海堤灣畔","8 Tung Chung Waterfront Road, Tung Chung","東涌海濱路8號","ISLANDS","離島","Multiple Ownership","共有業權","8300","It is at ground level and is accessible from Man Tung Road and Wai Tung Road.","位於地面,可由文東路及惠東路前往。","Opening to the public at all times","全日向公眾開放","Sheltered seating not available","沒有提供有蓋座位","Barrier-free-access facilities not available","沒有提供無障礙通道設施","On government land","位於政府土地","https://geodata.gov.hk/LGRT/public_open_space/staging-file-I0P9DJr2vO--20180627-143517-5277154612900250577.pdf","817114.4","811953.6","22.29277","113.94092"
"zrGnJLWLRd","Discovery Bay","愉景灣","Lantau","大嶼山","ISLANDS","離島","Multiple Ownership","共有業權","50000","It is at ground level and accessible from Siena Avenue.","位於地面,可由海澄湖畔路前往。","Opening to the public at all times","全日向公眾開放","Sheltered seating not available","沒有提供有蓋座位","Barrier-free-access facilities not applicable","無障礙通道設施不適用","N.A.","N.A.","https://geodata.gov.hk/LGRT/public_open_space/staging-file-ru4YcZolvN--20180802-104631-5496850962427154968.pdf","818459.0","819311.0","22.76687277","113.99996727"
"zrGnJLWLRd","Discovery Bay","愉景灣","Lantau","大嶼山","ISLANDS","離島","Multiple Ownership","共有業權","50000","It is at ground level and accessible from Siena Avenue.","位於地面,可由海澄湖畔路前往。","Opening to the public at all times","全日向公眾開放","Sheltered seating not available","沒有提供有蓋座位","Barrier-free-access facilities not applicable","無障礙通道設施不適用","N.A.","N.A.","https://geodata.gov.hk/LGRT/public_open_space/staging-file-ru4YcZolvN--20180802-104631-5496850962427154968.pdf","818419.2","819507.7","22.30465","114.01422"
"zrGnJLWLRd","Discovery Bay","愉景灣","Lantau","大嶼山","ISLANDS","離島","Multiple Ownership","共有業權","50000","It is at ground level and accessible from Siena Avenue.","位於地面,可由海澄湖畔路前往。","Opening to the public at all times","全日向公眾開放","Sheltered seating not available","沒有提供有蓋座位","Barrier-free-access facilities not applicable","無障礙通道設施不適用","N.A.","N.A.","https://geodata.gov.hk/LGRT/public_open_space/staging-file-ru4YcZolvN--20180802-104631-5496850962427154968.pdf","818325.1","819598.2","22.3038","114.0151"
"zrGnJLWLRd","Discovery Bay","愉景灣","Lantau","大嶼山","ISLANDS","離島","Multiple Ownership","共有業權","50000","It is at ground level and accessible from Siena Avenue.","位於地面,可由海澄湖畔路前往。","Opening to the public at all times","全日向公眾開放","Sheltered seating not available","沒有提供有蓋座位","Barrier-free-access facilities not applicable","無障礙通道設施不適用","N.A.","N.A.","https://geodata.gov.hk/LGRT/public_open_space/staging-file-ru4YcZolvN--20180802-104631-5496850962427154968.pdf","818583.1","819643.1","22.30613","114.01553"
